{
    "camera":
    {
        "resolution": [800, 600],
        "transform": [
            {
                "lookat":
                {
                    "position": [0, 0, -8],
                    "target": [0, 0, 0],
                    "up": [0, 1, 0]
                }
            }
        ],
        "s": 0.4,
        "z_near": 0.1,
        "z_far": 20
    },
    "background": [
        0.5, 0.5, 0.5
    ],
    "objects": [
        {
            "filename": "sphere.ply",
            "transform": [
                {"translate": [-3, 0, 0]}
            ]
        },
        {
            "filename": "sphere.ply",
            "transform": [
                {"translate": [0, 0, 0]}
            ]
        },
        {
            "filename": "sphere.ply",
            "transform": [
                {"translate": [3, 0, 0]}
            ]
        }
    ]
}
